データ日付,終値,始値,高値,安値
"2017/01/04","19594.16","19298.68","19594.16","19277.93"
"2017/01/05","19520.69","19602.10","19615.40","19473.28"
"2017/01/06","19454.33","19393.55","19472.37","19354.44"
"2017/01/10","19301.44","19414.83","19484.90","19255.35"
"2017/01/11","19364.67","19358.64","19402.17","19325.46"
"2017/01/12","19134.70","19300.19","19300.19","19069.02"
"2017/01/13","19287.28","19174.97","19299.36","19156.93"
"2017/01/16","19095.24","19219.13","19255.41","19061.27"
"2017/01/17","18813.53","19038.45","19043.91","18812.86"
"2017/01/18","18894.37","18753.96","18941.24","18650.33"
"2017/01/19","19072.25","19082.83","19122.39","18982.13"
"2017/01/20","19137.91","19059.15","19176.86","19040.20"
"2017/01/23","18891.03","18938.45","19024.21","18879.68"
"2017/01/24","18787.99","18817.42","18915.70","18783.16"
"2017/01/25","19057.50","19091.23","19133.18","18987.45"
"2017/01/26","19402.39","19260.67","19405.23","19232.46"
"2017/01/27","19467.40","19453.51","19486.68","19404.13"
"2017/01/30","19368.85","19371.28","19390.97","19295.80"
"2017/01/31","19041.34","19145.35","19199.75","19041.34"
"2017/02/01","19148.08","18926.97","19155.79","18916.18"
"2017/02/02","18914.58","19152.79","19170.63","18866.80"
"2017/02/03","18918.20","18996.74","19061.26","18830.89"
"2017/02/06","18976.71","19069.72","19075.57","18899.40"
"2017/02/07","18910.78","18844.12","18970.58","18805.32"
"2017/02/08","19007.60","18951.16","19009.24","18875.57"
"2017/02/09","18907.67","18942.04","18991.23","18874.91"
"2017/02/10","19378.93","19216.74","19395.99","19193.57"
"2017/02/13","19459.15","19513.78","19519.44","19418.18"
"2017/02/14","19238.98","19478.86","19501.01","19232.85"
"2017/02/15","19437.98","19438.81","19495.62","19420.00"
"2017/02/16","19347.53","19431.61","19431.61","19260.24"
"2017/02/17","19234.62","19228.74","19275.39","19173.53"
"2017/02/20","19251.08","19161.33","19274.75","19115.11"
"2017/02/21","19381.44","19267.87","19395.35","19261.98"
"2017/02/22","19379.87","19419.22","19419.22","19329.28"
"2017/02/23","19371.46","19379.92","19379.92","19262.63"
"2017/02/24","19283.54","19232.11","19381.10","19219.58"
"2017/02/27","19107.47","19130.51","19178.99","18995.55"
"2017/02/28","19118.99","19194.68","19267.99","19118.99"
"2017/03/01","19393.54","19226.94","19414.55","19164.62"
"2017/03/02","19564.80","19624.82","19668.01","19564.80"
"2017/03/03","19469.17","19551.34","19587.79","19392.75"
"2017/03/06","19379.14","19409.18","19411.54","19340.32"
"2017/03/07","19344.15","19337.19","19375.09","19317.10"
"2017/03/08","19254.03","19308.53","19326.40","19198.78"
"2017/03/09","19318.58","19343.06","19350.20","19262.98"
"2017/03/10","19604.61","19444.71","19623.72","19427.81"
"2017/03/13","19633.75","19545.74","19656.48","19531.51"
"2017/03/14","19609.50","19634.29","19637.55","19599.62"
"2017/03/15","19577.38","19528.75","19581.53","19503.74"
"2017/03/16","19590.14","19458.70","19618.99","19454.17"
"2017/03/17","19521.59","19510.89","19547.51","19487.92"
"2017/03/21","19455.88","19416.55","19485.14","19337.22"
"2017/03/22","19041.38","19146.62","19183.27","19026.53"
"2017/03/23","19085.31","19048.84","19105.11","18973.75"
"2017/03/24","19262.53","19066.35","19296.05","19060.64"
"2017/03/27","18985.59","19071.19","19086.89","18932.09"
"2017/03/28","19202.87","19159.07","19203.64","19113.44"
"2017/03/29","19217.48","19216.78","19251.30","19164.61"
"2017/03/30","19063.22","19150.82","19218.08","19043.48"
"2017/03/31","18909.26","19170.42","19210.92","18909.26"
"2017/04/03","18983.23","18988.00","19068.62","18920.52"
"2017/04/04","18810.25","18933.82","18947.33","18703.63"
"2017/04/05","18861.27","18900.70","18941.94","18773.94"
"2017/04/06","18597.06","18754.37","18797.44","18532.65"
"2017/04/07","18664.63","18714.98","18785.73","18517.43"
"2017/04/10","18797.88","18800.22","18850.80","18762.70"
"2017/04/11","18747.87","18717.55","18767.70","18661.86"
"2017/04/12","18552.61","18592.10","18602.50","18460.59"
"2017/04/13","18426.84","18391.72","18455.25","18304.72"
"2017/04/14","18335.63","18531.91","18531.91","18285.73"
"2017/04/17","18355.26","18239.84","18361.44","18224.68"
"2017/04/18","18418.59","18497.38","18547.46","18362.73"
"2017/04/19","18432.20","18327.33","18467.73","18327.33"
"2017/04/20","18430.49","18446.39","18523.40","18420.82"
"2017/04/21","18620.75","18591.82","18648.28","18542.42"
"2017/04/24","18875.88","18890.38","18910.33","18840.13"
"2017/04/25","19079.33","18872.56","19109.76","18867.19"
"2017/04/26","19289.43","19184.92","19289.43","19170.86"
"2017/04/27","19251.87","19205.59","19281.70","19199.59"
"2017/04/28","19196.74","19240.65","19264.57","19164.68"
"2017/05/01","19310.52","19154.03","19311.21","19144.62"
"2017/05/02","19445.70","19335.72","19464.30","19335.02"
"2017/05/08","19895.70","19709.01","19929.48","19705.13"
"2017/05/09","19843.00","19915.64","19917.45","19838.71"
"2017/05/10","19900.09","19890.56","19938.53","19866.30"
"2017/05/11","19961.55","19943.95","19989.94","19906.35"
"2017/05/12","19883.90","19941.64","19941.64","19809.91"
"2017/05/15","19869.85","19753.46","19869.85","19740.63"
"2017/05/16","19919.82","19953.06","19998.49","19862.41"
"2017/05/17","19814.88","19806.78","19842.78","19764.63"
"2017/05/18","19553.86","19556.99","19601.53","19449.73"
"2017/05/19","19590.76","19591.41","19628.64","19497.29"
"2017/05/22","19678.28","19670.48","19722.93","19618.73"
"2017/05/23","19613.28","19647.74","19693.02","19585.54"
"2017/05/24","19742.98","19777.56","19782.81","19690.10"
"2017/05/25","19813.13","19737.21","19850.93","19720.12"
"2017/05/26","19686.84","19798.49","19801.59","19686.49"
"2017/05/29","19682.57","19697.18","19736.62","19627.19"
"2017/05/30","19677.85","19681.11","19691.44","19570.13"
"2017/05/31","19650.57","19630.33","19673.51","19589.25"
"2017/06/01","19860.03","19692.16","19887.66","19686.32"
"2017/06/02","20177.28","19970.23","20239.81","19967.00"
"2017/06/05","20170.82","20135.42","20224.54","20104.13"
"2017/06/06","19979.90","20122.26","20152.95","19948.02"
"2017/06/07","19984.62","19951.68","20023.24","19908.07"
"2017/06/08","19909.26","20048.28","20061.22","19896.35"
"2017/06/09","20013.26","19953.06","20096.01","19927.07"
"2017/06/12","19908.58","19920.77","19949.07","19837.64"
"2017/06/13","19898.75","19859.81","19929.03","19850.86"
"2017/06/14","19883.52","19974.56","20009.93","19879.60"
"2017/06/15","19831.82","19815.54","19963.36","19755.34"
"2017/06/16","19943.26","19931.15","20015.16","19884.80"
"2017/06/19","20067.75","19974.30","20087.71","19949.88"
"2017/06/20","20230.41","20234.12","20318.11","20227.29"
"2017/06/21","20138.79","20192.16","20215.11","20117.79"
"2017/06/22","20110.51","20154.38","20191.42","20107.89"
"2017/06/23","20132.67","20152.58","20152.58","20089.54"
"2017/06/26","20153.35","20132.81","20196.38","20119.04"
"2017/06/27","20225.09","20229.12","20250.10","20185.19"
"2017/06/28","20130.41","20149.20","20224.30","20110.49"
"2017/06/29","20220.30","20260.87","20266.59","20197.38"
"2017/06/30","20033.43","20025.63","20044.01","19946.51"
"2017/07/03","20055.80","20056.32","20096.14","20030.61"
"2017/07/04","20032.35","20192.27","20197.16","19971.53"
"2017/07/05","20081.63","20015.07","20087.01","19888.90"
"2017/07/06","19994.06","20061.68","20078.88","19947.63"
"2017/07/07","19929.09","19856.65","19979.93","19856.65"
"2017/07/10","20080.98","20070.44","20127.76","20023.03"
"2017/07/11","20195.48","20073.86","20200.88","20070.67"
"2017/07/12","20098.38","20137.22","20153.04","20061.16"
"2017/07/13","20099.81","20177.28","20183.80","20062.27"
"2017/07/14","20118.86","20157.92","20163.67","20101.71"
"2017/07/18","19999.91","20074.41","20081.29","19943.14"
"2017/07/19","20020.86","19970.78","20032.46","19947.26"
"2017/07/20","20144.59","20046.90","20157.11","20032.23"
"2017/07/21","20099.75","20089.86","20135.33","20081.91"
"2017/07/24","19975.67","19973.67","20002.54","19901.88"
"2017/07/25","19955.20","19979.56","20036.31","19941.61"
"2017/07/26","20050.16","20098.14","20116.00","20016.58"
"2017/07/27","20079.64","20026.58","20176.39","20005.20"
"2017/07/28","19959.84","20048.46","20056.16","19926.60"
"2017/07/31","19925.18","19933.45","19983.90","19891.90"
"2017/08/01","19985.79","19907.08","20000.46","19904.72"
"2017/08/02","20080.04","20057.07","20113.73","20022.05"
"2017/08/03","20029.26","20066.00","20070.16","19985.40"
"2017/08/04","19952.33","19949.79","19984.51","19933.59"
"2017/08/07","20055.89","20059.29","20085.90","20037.40"
"2017/08/08","19996.01","20062.65","20076.80","19970.57"
"2017/08/09","19738.71","19928.96","19945.28","19660.22"
"2017/08/10","19729.74","19792.45","19829.88","19685.83"
"2017/08/14","19537.10","19545.58","19598.41","19486.48"
"2017/08/15","19753.31","19689.38","19824.12","19656.91"
"2017/08/16","19729.28","19750.55","19776.86","19719.08"
"2017/08/17","19702.63","19707.75","19739.04","19679.37"
"2017/08/18","19470.41","19471.27","19543.13","19433.09"
"2017/08/21","19393.13","19509.53","19509.53","19365.65"
"2017/08/22","19383.84","19373.11","19437.25","19361.95"
"2017/08/23","19434.64","19547.05","19561.32","19408.47"
"2017/08/24","19353.77","19366.36","19428.55","19351.92"
"2017/08/25","19452.61","19401.12","19485.97","19384.37"
"2017/08/28","19449.90","19502.23","19535.50","19420.50"
"2017/08/29","19362.55","19319.11","19371.90","19280.02"
"2017/08/30","19506.54","19480.98","19538.23","19435.10"
"2017/08/31","19646.24","19591.32","19687.99","19583.11"
"2017/09/01","19691.47","19733.57","19735.96","19620.07"
"2017/09/04","19508.25","19615.96","19628.40","19479.40"
"2017/09/05","19385.81","19533.38","19542.78","19354.59"
"2017/09/06","19357.97","19286.06","19371.38","19254.67"
"2017/09/07","19396.52","19433.44","19482.72","19365.75"
"2017/09/08","19274.82","19297.96","19357.49","19239.52"
"2017/09/11","19545.77","19441.39","19567.03","19437.14"
"2017/09/12","19776.62","19736.14","19792.06","19718.80"
"2017/09/13","19865.82","19873.69","19888.84","19845.02"
"2017/09/14","19807.44","19860.37","19918.39","19793.85"
"2017/09/15","19909.50","19793.80","19933.40","19787.65"
"2017/09/19","20299.38","20128.18","20320.78","20122.00"
"2017/09/20","20310.46","20301.33","20339.37","20272.82"
"2017/09/21","20347.48","20456.50","20481.27","20332.69"
"2017/09/22","20296.45","20413.61","20417.07","20249.24"
"2017/09/25","20397.58","20439.43","20454.29","20367.03"
"2017/09/26","20330.19","20349.26","20385.50","20303.98"
"2017/09/27","20267.05","20269.82","20278.09","20213.66"
"2017/09/28","20363.11","20398.63","20399.87","20299.68"
"2017/09/29","20356.28","20315.34","20370.33","20285.06"
"2017/10/02","20400.78","20400.51","20411.33","20363.28"
"2017/10/03","20614.07","20475.25","20628.38","20438.17"
"2017/10/04","20626.66","20660.81","20689.08","20592.18"
"2017/10/05","20628.56","20650.71","20667.47","20602.26"
"2017/10/06","20690.71","20716.85","20721.15","20659.15"
"2017/10/10","20823.51","20680.54","20823.66","20663.08"
"2017/10/11","20881.27","20803.71","20898.41","20788.12"
"2017/10/12","20954.72","20958.18","20994.40","20917.04"
"2017/10/13","21155.18","20959.66","21211.29","20933.00"
"2017/10/16","21255.56","21221.27","21347.07","21187.93"
"2017/10/17","21336.12","21352.17","21393.96","21230.67"
"2017/10/18","21363.05","21374.66","21402.76","21317.67"
"2017/10/19","21448.52","21450.04","21503.85","21381.52"
"2017/10/20","21457.64","21390.95","21489.26","21363.10"
"2017/10/23","21696.65","21709.30","21723.60","21614.51"
"2017/10/24","21805.17","21670.00","21805.17","21646.52"
"2017/10/25","21707.62","21900.13","21921.36","21648.35"
"2017/10/26","21739.78","21698.95","21793.62","21688.56"
"2017/10/27","22008.45","21903.27","22016.50","21815.72"
"2017/10/30","22011.67","22047.95","22086.88","21921.24"
"2017/10/31","22011.61","21897.29","22020.38","21840.07"
"2017/11/01","22420.08","22144.92","22455.92","22130.03"
"2017/11/02","22539.12","22512.18","22540.25","22400.01"
"2017/11/06","22548.35","22612.96","22644.68","22435.34"
"2017/11/07","22937.60","22518.75","22953.18","22512.91"
"2017/11/08","22913.82","22849.91","22922.80","22759.07"
"2017/11/09","22868.71","22989.44","23382.15","22522.83"
"2017/11/10","22681.42","22580.70","22724.39","22511.93"
"2017/11/13","22380.99","22607.56","22607.92","22380.99"
"2017/11/14","22380.01","22342.93","22532.30","22323.24"
"2017/11/15","22028.32","22250.98","22305.24","22004.79"
"2017/11/16","22351.12","21975.23","22392.13","21972.34"
"2017/11/17","22396.80","22603.30","22757.40","22319.12"
"2017/11/20","22261.76","22279.98","22410.24","22215.07"
"2017/11/21","22416.48","22456.79","22563.25","22416.48"
"2017/11/22","22523.15","22601.55","22677.34","22513.44"
"2017/11/24","22550.85","22390.14","22567.20","22381.01"
"2017/11/27","22495.99","22657.08","22659.33","22423.40"
"2017/11/28","22486.24","22474.74","22580.99","22363.94"
"2017/11/29","22597.20","22613.96","22643.93","22537.12"
"2017/11/30","22724.96","22601.83","22748.32","22502.68"
"2017/12/01","22819.03","22916.93","22994.31","22675.07"
"2017/12/04","22707.16","22843.53","22864.33","22693.99"
"2017/12/05","22622.38","22595.33","22682.71","22522.28"
"2017/12/06","22177.04","22525.38","22528.21","22119.21"
"2017/12/07","22498.03","22317.15","22515.24","22317.15"
"2017/12/08","22811.08","22627.95","22819.71","22625.41"
"2017/12/11","22938.73","22894.30","22938.73","22787.40"
"2017/12/12","22866.17","22936.41","22994.33","22834.89"
"2017/12/13","22758.07","22879.27","22879.37","22697.32"
"2017/12/14","22694.45","22699.30","22786.61","22638.76"
"2017/12/15","22553.22","22621.36","22745.09","22478.32"
"2017/12/18","22901.77","22770.44","22927.50","22735.20"
"2017/12/19","22868.00","22961.47","22990.42","22862.82"
"2017/12/20","22891.72","22834.93","22923.50","22806.73"
"2017/12/21","22866.10","22852.01","22894.95","22728.06"
"2017/12/22","22902.76","22850.73","22908.84","22801.16"
"2017/12/25","22939.18","22909.41","22948.83","22870.19"
"2017/12/26","22892.69","22922.95","22950.15","22877.63"
"2017/12/27","22911.21","22854.39","22936.16","22854.39"
"2017/12/28","22783.98","22912.05","22954.45","22736.43"
"2017/12/29","22764.94","22831.49","22881.21","22753.20"
"2018/01/04","23506.33","23073.73","23506.33","23065.20"
"2018/01/05","23714.53","23643.00","23730.47","23520.52"
"2018/01/09","23849.99","23948.97","23952.61","23789.03"
"2018/01/10","23788.20","23832.81","23864.76","23755.45"
"2018/01/11","23710.43","23656.39","23734.97","23601.84"
"2018/01/12","23653.82","23719.66","23743.05","23588.07"
"2018/01/15","23714.88","23827.98","23833.27","23685.02"
"2018/01/16","23951.81","23721.17","23962.07","23701.83"
"2018/01/17","23868.34","23783.42","23891.63","23739.17"
"2018/01/18","23763.37","24078.93","24084.42","23699.47"
"2018/01/19","23808.06","23854.11","23872.69","23735.61"
"2018/01/22","23816.33","23797.84","23816.33","23697.81"
"2018/01/23","24124.15","23924.40","24129.34","23916.02"
"2018/01/24","23940.78","24026.43","24072.77","23917.14"
"2018/01/25","23669.49","23750.65","23828.40","23649.03"
"2018/01/26","23631.88","23757.34","23797.96","23592.28"
"2018/01/29","23629.34","23707.14","23787.23","23580.17"
"2018/01/30","23291.97","23559.33","23581.98","23233.37"
"2018/01/31","23098.29","23205.23","23375.38","23092.85"
"2018/02/01","23486.11","23276.10","23492.77","23211.12"
"2018/02/02","23274.53","23361.67","23367.96","23122.45"
"2018/02/05","22682.08","22921.16","22967.69","22659.43"
"2018/02/06","21610.24","22267.00","22277.45","21078.71"
"2018/02/07","21645.37","22001.29","22353.87","21627.13"
"2018/02/08","21890.86","21721.57","21977.03","21649.70"
"2018/02/09","21382.62","21507.74","21510.30","21119.01"
"2018/02/13","21244.68","21633.34","21679.20","21211.53"
"2018/02/14","21154.17","21251.24","21371.01","20950.15"
"2018/02/15","21464.98","21384.10","21578.99","21308.92"
"2018/02/16","21720.25","21555.99","21866.37","21499.88"
"2018/02/19","22149.21","21903.66","22152.85","21858.33"
"2018/02/20","21925.10","22054.32","22063.87","21831.45"
"2018/02/21","21970.81","21942.42","22130.58","21836.73"
"2018/02/22","21736.44","21789.88","21799.40","21626.85"
"2018/02/23","21892.78","21789.72","21903.39","21741.63"
"2018/02/26","22153.63","22134.64","22226.53","22040.87"
"2018/02/27","22389.86","22391.67","22502.05","22325.07"
"2018/02/28","22068.24","22292.53","22380.28","22068.24"
"2018/03/01","21724.47","21901.13","21901.13","21645.22"
"2018/03/02","21181.64","21339.98","21366.09","21088.96"
"2018/03/05","21042.09","21047.81","21164.38","20937.26"
"2018/03/06","21417.76","21390.20","21551.14","21381.42"
"2018/03/07","21252.72","21261.96","21484.08","21201.94"
"2018/03/08","21368.07","21488.16","21488.16","21299.40"
"2018/03/09","21469.20","21594.22","21884.45","21357.55"
"2018/03/12","21824.03","21826.10","21971.16","21689.97"
"2018/03/13","21968.10","21742.45","21968.10","21700.78"
"2018/03/14","21777.29","21764.99","21881.09","21684.02"
"2018/03/15","21803.95","21704.14","21825.97","21555.49"
"2018/03/16","21676.51","21876.53","21879.28","21632.85"
"2018/03/19","21480.90","21537.90","21659.04","21366.88"
"2018/03/20","21380.97","21297.98","21384.86","21223.97"
"2018/03/22","21591.99","21352.16","21592.00","21349.71"
"2018/03/23","20617.86","21188.80","21188.80","20559.61"
"2018/03/26","20766.10","20423.37","20766.10","20347.49"
"2018/03/27","21317.32","20958.90","21317.32","20943.31"
"2018/03/28","21031.31","20893.05","21031.31","20776.82"
"2018/03/29","21159.08","21250.96","21298.57","20996.22"
"2018/03/30","21454.30","21392.42","21512.80","21311.50"
"2018/04/02","21388.58","21441.57","21597.47","21388.58"
"2018/04/03","21292.29","21115.48","21333.50","21056.02"
"2018/04/04","21319.55","21415.85","21415.85","21238.18"
"2018/04/05","21645.42","21541.18","21737.66","21462.10"
"2018/04/06","21567.52","21633.73","21742.84","21550.42"
"2018/04/09","21678.26","21534.33","21737.09","21517.77"
"2018/04/10","21794.32","21599.67","21933.99","21542.37"
"2018/04/11","21687.10","21819.09","21837.36","21687.10"
"2018/04/12","21660.28","21657.87","21719.43","21591.39"
"2018/04/13","21778.74","21801.41","21917.35","21746.69"
"2018/04/16","21835.53","21843.55","21879.69","21775.61"
"2018/04/17","21847.59","21801.83","21889.89","21772.42"
"2018/04/18","22158.20","21929.01","22194.11","21914.96"
"2018/04/19","22191.18","22231.86","22360.65","22176.86"
"2018/04/20","22162.24","22148.22","22261.35","22076.63"
"2018/04/23","22088.04","22157.88","22204.86","22065.52"
"2018/04/24","22278.12","22228.82","22304.69","22149.59"
"2018/04/25","22215.32","22118.62","22228.78","22080.76"
"2018/04/26","22319.61","22278.77","22381.66","22265.20"
"2018/04/27","22467.87","22466.66","22495.56","22357.53"
"2018/05/01","22508.03","22453.42","22519.45","22411.43"
"2018/05/02","22472.78","22568.19","22568.19","22426.55"
"2018/05/07","22467.16","22513.22","22513.48","22350.91"
"2018/05/08","22508.69","22440.65","22566.68","22423.23"
"2018/05/09","22408.88","22463.01","22478.64","22364.75"
"2018/05/10","22497.18","22482.51","22530.64","22418.75"
"2018/05/11","22758.48","22573.95","22769.16","22545.47"
"2018/05/14","22865.86","22705.30","22894.76","22683.64"
"2018/05/15","22818.02","22889.47","22912.06","22805.72"
"2018/05/16","22717.23","22730.12","22796.14","22695.84"
"2018/05/17","22838.37","22820.62","22887.03","22799.16"
"2018/05/18","22930.36","22907.20","22954.19","22867.30"
"2018/05/21","23002.37","22937.58","23050.39","22935.31"
"2018/05/22","22960.34","23025.95","23031.67","22952.87"
"2018/05/23","22689.74","22868.79","22949.73","22649.85"
"2018/05/24","22437.01","22621.29","22644.69","22366.60"
"2018/05/25","22450.79","22380.22","22509.36","22318.15"
"2018/05/28","22481.09","22488.95","22547.67","22410.91"
"2018/05/29","22358.43","22431.95","22439.10","22240.39"
"2018/05/30","22018.52","22051.97","22079.23","21931.65"
"2018/05/31","22201.82","22163.40","22254.42","22098.00"
"2018/06/01","22171.35","22126.25","22316.91","22098.04"
"2018/06/04","22475.94","22365.09","22515.72","22355.83"
"2018/06/05","22539.54","22552.17","22602.13","22470.04"
"2018/06/06","22625.73","22520.31","22662.82","22498.59"
"2018/06/07","22823.26","22748.72","22856.37","22732.18"
"2018/06/08","22694.50","22799.38","22879.00","22694.50"
"2018/06/11","22804.04","22686.95","22856.08","22667.30"
"2018/06/12","22878.35","22977.22","23011.57","22797.73"
"2018/06/13","22966.38","22896.17","22993.26","22895.31"
"2018/06/14","22738.61","22842.96","22898.39","22738.61"
"2018/06/15","22851.75","22883.24","22885.84","22770.38"
"2018/06/18","22680.33","22806.57","22806.89","22601.13"
"2018/06/19","22278.48","22565.92","22618.52","22278.48"
"2018/06/20","22555.43","22338.53","22581.40","22167.16"
"2018/06/21","22693.04","22523.28","22782.01","22491.08"
"2018/06/22","22516.83","22456.45","22535.65","22414.18"
"2018/06/25","22338.15","22543.56","22556.55","22312.79"
"2018/06/26","22342.00","22160.33","22368.78","22104.12"
"2018/06/27","22271.77","22320.88","22356.54","22205.34"
"2018/06/28","22270.39","22195.19","22299.39","22038.40"
"2018/06/29","22304.51","22314.47","22332.82","22145.48"
"2018/07/02","21811.93","22233.80","22312.25","21784.48"
"2018/07/03","21785.54","21889.06","21927.81","21574.56"
"2018/07/04","21717.04","21679.00","21784.00","21604.18"
"2018/07/05","21546.99","21697.44","21751.50","21462.95"
"2018/07/06","21788.14","21647.66","21866.16","21642.96"
"2018/07/09","22052.18","21838.53","22105.95","21825.76"
"2018/07/10","22196.89","22215.34","22321.60","22196.89"
"2018/07/11","21932.21","22002.14","22044.62","21744.25"
"2018/07/12","22187.96","22036.87","22233.52","22019.19"
"2018/07/13","22597.35","22397.62","22692.86","22316.52"
"2018/07/17","22697.36","22605.73","22832.22","22575.42"
"2018/07/18","22794.19","22917.52","22949.32","22794.19"
"2018/07/19","22764.68","22871.62","22926.47","22761.87"
"2018/07/20","22697.88","22734.56","22869.98","22541.35"
"2018/07/23","22396.99","22480.33","22507.17","22341.87"
"2018/07/24","22510.48","22555.05","22555.05","22416.23"
"2018/07/25","22614.25","22594.28","22645.66","22547.14"
"2018/07/26","22586.87","22711.59","22717.15","22549.77"
"2018/07/27","22712.75","22646.48","22712.75","22593.20"
"2018/07/30","22544.84","22613.30","22631.32","22518.94"
"2018/07/31","22553.72","22472.12","22678.06","22352.21"
"2018/08/01","22746.70","22642.18","22775.47","22615.98"
"2018/08/02","22512.53","22676.73","22754.73","22464.81"
"2018/08/03","22525.18","22585.54","22613.50","22490.57"
"2018/08/06","22507.32","22536.05","22635.68","22486.74"
"2018/08/07","22662.74","22514.31","22666.68","22499.05"
"2018/08/08","22644.31","22666.56","22800.61","22610.29"
"2018/08/09","22598.39","22591.54","22648.88","22497.99"
"2018/08/10","22298.08","22606.91","22608.86","22272.69"
"2018/08/13","21857.43","22117.57","22124.60","21851.32"
"2018/08/14","22356.08","22053.07","22356.08","22047.19"
"2018/08/15","22204.22","22368.12","22380.28","22110.29"
"2018/08/16","22192.04","21980.82","22240.42","21871.70"
"2018/08/17","22270.38","22313.19","22340.95","22244.10"
"2018/08/20","22199.00","22267.07","22288.31","22150.75"
"2018/08/21","22219.73","22110.54","22306.83","22053.14"
"2018/08/22","22362.55","22270.04","22390.20","22162.81"
"2018/08/23","22410.82","22420.67","22463.03","22377.88"
"2018/08/24","22601.77","22484.01","22602.24","22452.42"
"2018/08/27","22799.64","22693.69","22838.06","22682.39"
"2018/08/28","22813.47","22967.74","23006.77","22813.47"
"2018/08/29","22848.22","22820.86","22968.18","22819.97"
"2018/08/30","22869.50","23020.18","23032.17","22832.83"
"2018/08/31","22865.15","22733.25","22890.61","22678.03"
"2018/09/03","22707.38","22819.17","22820.48","22684.43"
"2018/09/04","22696.90","22740.05","22753.18","22612.15"
"2018/09/05","22580.83","22663.80","22692.25","22570.52"
"2018/09/06","22487.94","22458.97","22535.34","22416.63"
"2018/09/07","22307.06","22351.84","22372.89","22172.90"
"2018/09/10","22373.09","22253.65","22396.88","22249.61"
"2018/09/11","22664.69","22469.78","22667.85","22457.10"
"2018/09/12","22604.61","22702.71","22709.37","22522.17"
"2018/09/13","22821.32","22657.95","22858.41","22643.88"
"2018/09/14","23094.67","23035.78","23105.28","22965.48"
"2018/09/18","23420.54","23042.19","23481.53","23039.26"
"2018/09/19","23672.52","23754.96","23842.05","23672.52"
"2018/09/20","23674.93","23752.79","23781.75","23582.15"
"2018/09/21","23869.93","23848.63","23971.41","23764.05"
"2018/09/25","23940.26","23881.85","23950.98","23808.95"
"2018/09/26","24033.79","23846.60","24033.79","23833.92"
"2018/09/27","23796.74","23946.43","24089.32","23778.04"
"2018/09/28","24120.04","24080.01","24286.10","24021.27"
"2018/10/01","24245.76","24173.37","24306.54","24123.50"
"2018/10/02","24270.62","24376.17","24448.07","24217.26"
"2018/10/03","24110.96","24219.19","24260.63","24030.59"
"2018/10/04","23975.62","24242.06","24247.82","23923.26"
"2018/10/05","23783.72","23781.76","23928.62","23730.19"
"2018/10/09","23469.39","23550.47","23587.05","23442.46"
"2018/10/10","23506.04","23538.92","23589.38","23373.54"
"2018/10/11","22590.86","23043.37","23051.19","22459.02"
"2018/10/12","22694.66","22323.43","22711.13","22323.43"
"2018/10/15","22271.30","22501.33","22520.59","22261.92"
"2018/10/16","22549.24","22298.20","22549.24","22269.53"
"2018/10/17","22841.12","22806.59","22959.41","22765.58"
"2018/10/18","22658.16","22871.28","22873.13","22637.29"
"2018/10/19","22532.08","22342.00","22551.67","22212.57"
"2018/10/22","22614.82","22374.21","22672.25","22271.59"
"2018/10/23","22010.78","22404.14","22410.15","21993.07"
"2018/10/24","22091.18","22167.76","22207.09","21911.42"
"2018/10/25","21268.73","21676.83","21703.21","21204.40"
"2018/10/26","21184.60","21440.84","21476.66","20971.93"
"2018/10/29","21149.80","21323.61","21465.99","21109.97"
"2018/10/30","21457.29","21049.52","21568.40","21035.88"
"2018/10/31","21920.46","21569.56","21920.46","21530.39"
"2018/11/01","21687.65","21906.41","21906.41","21628.45"
"2018/11/02","22243.66","21761.58","22308.42","21751.33"
"2018/11/05","21898.99","22002.47","22051.65","21865.98"
"2018/11/06","22147.75","22018.87","22160.83","21994.28"
"2018/11/07","22085.80","22189.74","22444.65","21996.94"
"2018/11/08","22486.92","22446.01","22583.43","22421.00"
"2018/11/09","22250.25","22471.31","22494.58","22226.01"
"2018/11/12","22269.88","22121.70","22324.01","22046.29"
"2018/11/13","21810.52","21885.24","21892.29","21484.65"
"2018/11/14","21846.48","21851.13","21990.41","21764.88"
"2018/11/15","21803.62","21670.35","21818.73","21613.53"
"2018/11/16","21680.34","21804.90","21873.74","21663.99"
"2018/11/19","21821.16","21679.03","21852.92","21665.29"
"2018/11/20","21583.12","21582.69","21687.12","21526.95"
"2018/11/21","21507.54","21286.81","21555.61","21243.38"
"2018/11/22","21646.55","21582.47","21684.64","21484.98"
"2018/11/26","21812.00","21647.69","21838.10","21622.60"
"2018/11/27","21952.40","21967.98","22006.83","21816.05"
"2018/11/28","22177.02","22036.72","22216.98","22032.72"
"2018/11/29","22262.60","22360.98","22437.95","22241.17"
"2018/11/30","22351.06","22274.97","22362.20","22231.96"
"2018/12/03","22574.76","22629.39","22698.79","22550.29"
"2018/12/04","22036.05","22533.97","22576.62","22033.41"
"2018/12/05","21919.33","21755.17","21979.18","21708.82"
"2018/12/06","21501.62","21766.50","21805.02","21307.72"
"2018/12/07","21678.68","21643.75","21734.94","21506.45"
"2018/12/10","21219.50","21319.47","21365.78","21169.96"
"2018/12/11","21148.02","21273.04","21279.02","21062.31"
"2018/12/12","21602.75","21348.40","21631.47","21320.72"
"2018/12/13","21816.19","21755.13","21871.34","21675.66"
"2018/12/14","21374.83","21638.96","21751.31","21353.94"
"2018/12/17","21506.88","21391.73","21563.27","21363.67"
"2018/12/18","21115.45","21275.51","21330.36","21101.44"
"2018/12/19","20987.92","21107.17","21168.62","20880.73"
"2018/12/20","20392.58","20779.93","20841.34","20282.93"
"2018/12/21","20166.19","20310.50","20334.73","20006.67"
"2018/12/25","19155.74","19785.43","19785.43","19117.96"
"2018/12/26","19327.06","19302.59","19530.35","18948.58"
"2018/12/27","20077.62","19706.19","20211.57","19701.76"
"2018/12/28","20014.77","19957.88","20084.38","19900.04"
"2019/01/04","19561.96","19655.13","19692.58","19241.37"
"2019/01/07","20038.97","19944.61","20266.22","19920.80"
"2019/01/08","20204.04","20224.67","20347.92","20106.36"
"2019/01/09","20427.06","20366.30","20494.35","20331.20"
"2019/01/10","20163.80","20270.88","20345.92","20101.93"
"2019/01/11","20359.70","20296.45","20389.89","20294.74"
"2019/01/15","20555.29","20264.82","20571.28","20204.43"
"2019/01/16","20442.75","20575.72","20580.25","20323.32"
"2019/01/17","20402.27","20544.23","20571.75","20342.46"
"2019/01/18","20666.07","20472.81","20682.12","20454.13"
"2019/01/21","20719.33","20848.38","20892.68","20678.26"
"2019/01/22","20622.91","20770.06","20805.93","20558.30"
"2019/01/23","20593.72","20453.44","20686.29","20438.22"
"2019/01/24","20574.63","20506.24","20620.72","20467.59"
"2019/01/25","20773.56","20598.64","20844.31","20598.64"
"2019/01/28","20649.00","20746.29","20759.48","20624.55"
"2019/01/29","20664.64","20555.44","20673.66","20406.22"
"2019/01/30","20556.54","20701.62","20706.27","20527.53"
"2019/01/31","20773.49","20832.91","20869.42","20682.91"
"2019/02/01","20788.39","20797.03","20929.63","20741.98"
"2019/02/04","20883.77","20831.90","20922.58","20823.68"
"2019/02/05","20844.45","20960.47","20981.23","20823.18"
"2019/02/06","20874.06","20928.87","20971.66","20860.99"
"2019/02/07","20751.28","20812.22","20844.77","20665.51"
"2019/02/08","20333.17","20510.50","20562.39","20315.31"
"2019/02/12","20864.21","20442.55","20885.88","20428.57"
"2019/02/13","21144.48","21029.93","21213.74","20992.88"
"2019/02/14","21139.71","21147.89","21235.62","21102.16"
"2019/02/15","20900.63","21051.51","21051.51","20853.33"
"2019/02/18","21281.85","21217.32","21306.36","21189.97"
"2019/02/19","21302.65","21256.58","21344.17","21217.16"
"2019/02/20","21431.49","21346.04","21494.85","21315.39"
"2019/02/21","21464.23","21422.31","21553.35","21318.74"
"2019/02/22","21425.51","21376.36","21451.23","21348.67"
"2019/02/25","21528.23","21567.66","21590.03","21505.07"
"2019/02/26","21449.39","21556.02","21610.88","21405.84"
"2019/02/27","21556.51","21504.61","21578.81","21492.65"
"2019/02/28","21385.16","21536.55","21536.55","21364.09"
"2019/03/01","21602.69","21490.02","21641.58","21490.02"
"2019/03/04","21822.04","21812.81","21860.39","21740.92"
"2019/03/05","21726.28","21712.80","21798.38","21659.04"
"2019/03/06","21596.81","21659.03","21684.60","21550.45"
"2019/03/07","21456.01","21456.88","21472.16","21402.12"
"2019/03/08","21025.56","21339.17","21359.32","20993.07"
"2019/03/11","21125.09","21062.75","21145.94","20938.00"
"2019/03/12","21503.69","21361.61","21568.48","21348.81"
"2019/03/13","21290.24","21425.77","21474.17","21198.99"
"2019/03/14","21287.02","21474.58","21522.75","21287.02"
"2019/03/15","21450.85","21376.73","21521.68","21374.85"
"2019/03/18","21584.50","21576.36","21612.67","21500.32"
"2019/03/19","21566.85","21558.43","21585.55","21425.79"
"2019/03/20","21608.92","21548.65","21614.17","21499.16"
"2019/03/22","21627.34","21713.26","21713.26","21542.03"
"2019/03/25","20977.11","21267.41","21275.43","20911.57"
"2019/03/26","21428.39","21174.34","21460.99","21174.34"
"2019/03/27","21378.73","21353.61","21388.59","21242.52"
"2019/03/28","21033.76","21191.32","21191.32","20974.19"
"2019/03/29","21205.81","21228.51","21267.25","21149.42"
"2019/04/01","21509.03","21500.89","21682.94","21471.12"
"2019/04/02","21505.31","21744.64","21744.64","21490.56"
"2019/04/03","21713.21","21563.64","21722.72","21489.95"
"2019/04/04","21724.95","21724.69","21787.60","21662.90"
"2019/04/05","21807.50","21743.14","21839.18","21731.34"
"2019/04/08","21761.65","21900.55","21900.55","21740.53"
"2019/04/09","21802.59","21750.29","21811.88","21698.42"
"2019/04/10","21687.57","21579.68","21687.57","21571.67"
"2019/04/11","21711.38","21662.65","21721.42","21627.87"
"2019/04/12","21870.56","21782.35","21878.78","21698.71"
"2019/04/15","22169.11","22122.97","22211.03","22102.93"
"2019/04/16","22221.66","22108.15","22261.33","22095.32"
"2019/04/17","22277.97","22236.41","22345.19","22185.87"
"2019/04/18","22090.12","22274.13","22305.63","22058.39"
"2019/04/19","22200.56","22238.07","22250.37","22162.23"
"2019/04/22","22217.90","22188.62","22280.19","22099.38"
"2019/04/23","22259.74","22241.74","22268.37","22119.94"
"2019/04/24","22200.00","22356.83","22362.92","22125.48"
"2019/04/25","22307.58","22183.32","22334.69","22155.23"
"2019/04/26","22258.73","22167.48","22270.29","22073.10"
"2019/05/07","21923.72","22184.40","22190.49","21875.11"
"2019/05/08","21602.59","21628.04","21639.12","21514.85"
"2019/05/09","21402.13","21492.91","21559.76","21315.07"
"2019/05/10","21344.92","21431.81","21584.09","21175.33"
"2019/05/13","21191.28","21180.74","21277.66","21127.93"
"2019/05/14","21067.23","20870.77","21077.48","20751.45"
"2019/05/15","21188.56","21112.85","21191.53","20968.08"
"2019/05/16","21062.98","21153.20","21153.20","20951.67"
"2019/05/17","21250.09","21246.86","21398.85","21199.98"
"2019/05/20","21301.73","21305.97","21430.06","21282.65"
"2019/05/21","21272.45","21211.26","21318.80","21160.43"
"2019/05/22","21283.37","21373.52","21404.54","21266.98"
"2019/05/23","21151.14","21180.24","21209.56","21072.72"
"2019/05/24","21117.22","20980.79","21117.22","20922.00"
"2019/05/27","21182.58","21148.46","21232.38","21113.76"
"2019/05/28","21260.14","21187.17","21297.70","21177.27"
"2019/05/29","21003.37","21055.42","21071.73","20884.61"
"2019/05/30","20942.53","20881.50","20942.53","20809.29"
"2019/05/31","20601.19","20785.21","20823.10","20581.58"
"2019/06/03","20410.88","20327.87","20438.03","20305.74"
"2019/06/04","20408.54","20435.86","20464.57","20289.64"
"2019/06/05","20776.10","20667.89","20800.64","20646.15"
"2019/06/06","20774.04","20745.84","20842.28","20745.84"
"2019/06/07","20884.71","20859.78","20907.77","20816.58"
"2019/06/10","21134.42","21095.40","21166.12","21077.95"
"2019/06/11","21204.28","21099.54","21227.18","21066.62"
"2019/06/12","21129.72","21130.39","21259.70","21118.75"
"2019/06/13","21032.00","21040.91","21111.23","20932.13"
"2019/06/14","21116.89","21049.41","21119.73","20971.18"
"2019/06/17","21124.00","21094.96","21185.25","21044.62"
"2019/06/18","20972.71","21111.77","21153.65","20924.19"
"2019/06/19","21333.87","21223.17","21358.72","21213.43"
"2019/06/20","21462.86","21417.74","21491.39","21377.27"
"2019/06/21","21258.64","21487.67","21497.82","21221.70"
"2019/06/24","21285.99","21223.56","21317.86","21185.67"
"2019/06/25","21193.81","21238.07","21313.77","21114.47"
"2019/06/26","21086.59","21067.68","21129.64","21035.84"
"2019/06/27","21338.17","21156.88","21338.17","21123.97"
"2019/06/28","21275.92","21282.22","21324.93","21199.85"
"2019/07/01","21729.97","21566.27","21758.34","21559.17"
"2019/07/02","21754.27","21699.43","21784.22","21697.31"
"2019/07/03","21638.16","21684.07","21708.72","21566.65"
"2019/07/04","21702.45","21740.93","21755.63","21672.50"
"2019/07/05","21746.38","21703.61","21746.38","21647.73"
"2019/07/08","21534.35","21665.79","21672.65","21499.57"
"2019/07/09","21565.15","21598.15","21687.29","21508.22"
"2019/07/10","21533.48","21499.46","21601.86","21488.22"
"2019/07/11","21643.53","21547.19","21649.93","21532.57"
"2019/07/12","21685.90","21720.14","21720.14","21589.83"
"2019/07/16","21535.25","21644.38","21655.52","21514.89"
"2019/07/17","21469.18","21474.63","21488.27","21380.55"
"2019/07/18","21046.24","21336.80","21347.84","20993.44"
"2019/07/19","21466.99","21146.50","21474.30","21121.90"
"2019/07/22","21416.79","21394.75","21445.03","21317.85"
"2019/07/23","21620.88","21425.44","21686.53","21411.93"
"2019/07/24","21709.57","21726.98","21744.88","21677.71"
"2019/07/25","21756.55","21715.95","21823.07","21715.69"
"2019/07/26","21658.15","21700.20","21709.74","21590.66"
"2019/07/29","21616.80","21627.55","21652.95","21518.70"
"2019/07/30","21709.31","21681.82","21792.98","21665.86"
"2019/07/31","21521.53","21526.38","21589.11","21476.07"
"2019/08/01","21540.99","21361.58","21556.69","21288.90"
"2019/08/02","21087.16","21211.06","21211.06","20960.09"
"2019/08/05","20720.29","20909.98","20941.83","20514.19"
"2019/08/06","20585.31","20325.52","20607.83","20110.76"
"2019/08/07","20516.56","20548.07","20570.19","20406.52"
"2019/08/08","20593.35","20529.29","20682.24","20462.98"
"2019/08/09","20684.82","20758.15","20782.06","20676.92"
"2019/08/13","20455.44","20432.68","20503.38","20369.27"
"2019/08/14","20655.13","20669.99","20697.42","20581.17"
"2019/08/15","20405.65","20324.25","20419.88","20184.85"
"2019/08/16","20418.81","20323.97","20465.71","20300.35"
"2019/08/19","20563.16","20590.47","20633.90","20502.66"
"2019/08/20","20677.22","20605.35","20684.06","20582.01"
"2019/08/21","20618.57","20489.97","20626.05","20482.62"
"2019/08/22","20628.01","20706.07","20731.19","20584.29"
"2019/08/23","20710.91","20579.98","20719.31","20579.98"
"2019/08/26","20261.04","20325.44","20329.01","20173.76"
"2019/08/27","20456.08","20467.22","20529.94","20439.92"
"2019/08/28","20479.42","20474.31","20511.21","20433.31"
"2019/08/29","20460.93","20500.50","20520.68","20361.12"
"2019/08/30","20704.37","20641.49","20748.35","20633.30"
"2019/09/02","20620.19","20625.75","20667.56","20614.29"
"2019/09/03","20625.16","20581.58","20662.23","20578.02"
"2019/09/04","20649.14","20578.67","20694.35","20554.16"
"2019/09/05","21085.94","20800.29","21164.61","20787.93"
"2019/09/06","21199.57","21201.83","21241.29","21145.81"
"2019/09/09","21318.42","21214.56","21333.51","21182.26"
"2019/09/10","21392.10","21363.57","21438.35","21350.35"
"2019/09/11","21597.76","21466.66","21619.21","21437.82"
"2019/09/12","21759.61","21761.09","21825.92","21743.96"
"2019/09/13","21988.29","21907.83","22019.66","21820.94"
"2019/09/17","22001.32","21947.59","22041.08","21878.63"
"2019/09/18","21960.71","22014.65","22027.86","21942.03"
"2019/09/19","22044.45","22064.46","22255.56","22003.30"
"2019/09/20","22079.09","22130.74","22204.75","22047.90"
"2019/09/24","22098.84","22095.35","22168.74","22077.94"
"2019/09/25","22020.15","21961.82","22036.48","21906.00"
"2019/09/26","22048.24","22160.52","22184.91","21986.24"
"2019/09/27","21878.90","21934.93","21955.79","21733.69"
"2019/09/30","21755.84","21793.83","21811.98","21666.60"
"2019/10/01","21885.24","21831.44","21938.77","21811.98"
"2019/10/02","21778.61","21744.62","21795.01","21725.23"
"2019/10/03","21341.74","21422.22","21437.74","21277.36"
"2019/10/04","21410.20","21316.18","21410.20","21276.01"
"2019/10/07","21375.25","21445.73","21475.28","21328.26"
"2019/10/08","21587.78","21494.48","21629.24","21483.18"
"2019/10/09","21456.38","21359.84","21467.77","21359.84"
"2019/10/10","21551.98","21456.27","21601.46","21308.88"
"2019/10/11","21798.87","21749.93","21820.77","21658.27"
"2019/10/15","22207.21","22063.71","22219.63","22049.71"
"2019/10/16","22472.92","22479.57","22615.47","22434.35"
"2019/10/17","22451.86","22451.15","22522.39","22424.92"
"2019/10/18","22492.68","22528.56","22649.85","22466.26"
"2019/10/21","22548.90","22541.22","22581.28","22515.73"
"2019/10/23","22625.38","22619.77","22648.81","22457.89"
"2019/10/24","22750.60","22725.44","22780.99","22704.33"
"2019/10/25","22799.81","22753.24","22819.92","22715.13"
"2019/10/28","22867.27","22854.44","22896.22","22830.57"
"2019/10/29","22974.13","22950.79","23008.43","22935.35"
"2019/10/30","22843.12","22953.17","22961.23","22827.93"
"2019/10/31","22927.04","22910.10","22988.80","22875.50"
"2019/11/01","22850.77","22730.49","22852.72","22705.60"
"2019/11/05","23251.99","23118.79","23328.52","23090.94"
"2019/11/06","23303.82","23343.51","23352.56","23246.57"
"2019/11/07","23330.32","23283.14","23336.00","23253.32"
"2019/11/08","23391.87","23550.04","23591.09","23313.41"
"2019/11/11","23331.84","23422.13","23471.82","23323.02"
"2019/11/12","23520.01","23336.37","23545.70","23312.25"
"2019/11/13","23319.87","23439.25","23452.63","23270.93"
"2019/11/14","23141.55","23325.50","23360.06","23062.16"
"2019/11/15","23303.32","23160.53","23340.77","23121.59"
"2019/11/18","23416.76","23304.25","23420.62","23271.29"
"2019/11/19","23292.65","23366.36","23389.53","23244.93"
"2019/11/20","23148.57","23176.49","23303.17","23086.12"
"2019/11/21","23038.58","23071.49","23108.08","22726.71"
"2019/11/22","23112.88","23030.33","23219.51","23030.33"
"2019/11/25","23292.81","23292.85","23347.18","23255.39"
"2019/11/26","23373.32","23451.40","23608.06","23350.10"
"2019/11/27","23437.77","23452.85","23507.82","23418.23"
"2019/11/28","23409.14","23458.88","23482.32","23367.33"
"2019/11/29","23293.91","23497.44","23498.77","23273.37"
"2019/12/02","23529.50","23388.63","23562.05","23378.40"
"2019/12/03","23379.81","23231.14","23388.18","23186.84"
"2019/12/04","23135.23","23186.74","23203.77","23044.78"
"2019/12/05","23300.09","23292.70","23363.44","23259.82"
"2019/12/06","23354.40","23347.67","23412.48","23338.40"
"2019/12/09","23430.70","23544.31","23544.31","23360.01"
"2019/12/10","23410.19","23372.39","23449.47","23336.93"
"2019/12/11","23391.86","23421.14","23438.43","23333.63"
"2019/12/12","23424.81","23449.28","23468.15","23360.43"
"2019/12/13","24023.10","23810.56","24050.04","23775.73"
"2019/12/16","23952.35","23955.20","24036.30","23950.05"
"2019/12/17","24066.12","24091.12","24091.12","23996.51"
"2019/12/18","23934.43","24023.27","24046.09","23919.36"
"2019/12/19","23864.85","23911.46","23945.53","23835.29"
"2019/12/20","23816.63","23893.45","23908.77","23746.63"
"2019/12/23","23821.11","23921.29","23923.09","23810.82"
"2019/12/24","23830.58","23839.18","23853.56","23796.35"
"2019/12/25","23782.87","23813.59","23824.85","23782.87"
"2019/12/26","23924.92","23787.70","23931.51","23775.40"
"2019/12/27","23837.72","23953.75","23967.18","23837.72"
"2019/12/30","23656.62","23770.93","23782.49","23656.62"
"2020/01/06","23204.86","23319.76","23365.36","23148.53"
"2020/01/07","23575.72","23320.12","23577.44","23299.92"
"2020/01/08","23204.76","23217.49","23303.21","22951.18"
"2020/01/09","23739.87","23530.29","23767.09","23506.15"
"2020/01/10","23850.57","23813.28","23903.29","23761.08"
"2020/01/14","24025.17","23969.04","24059.86","23951.66"
"2020/01/15","23916.58","23923.48","23997.39","23875.82"
"2020/01/16","23933.13","23960.20","23975.38","23905.38"
"2020/01/17","24041.26","24103.45","24115.95","24013.75"
"2020/01/20","24083.51","24080.68","24108.11","24061.67"
"2020/01/21","23864.56","24072.81","24081.75","23843.48"
"2020/01/22","24031.35","23835.49","24040.87","23831.10"
"2020/01/23","23795.44","23843.51","23910.01","23779.23"
"2020/01/24","23827.18","23850.12","23869.38","23755.32"
"2020/01/27","23343.51","23427.90","23463.89","23317.32"
"2020/01/28","23215.71","23126.93","23243.36","23115.15"
"2020/01/29","23379.40","23309.32","23392.61","23214.28"
"2020/01/30","22977.75","23284.58","23318.57","22892.95"
"2020/01/31","23205.18","23148.92","23421.59","23139.98"
"2020/02/03","22971.94","22874.27","23023.73","22775.92"
"2020/02/04","23084.59","22881.13","23118.13","22854.45"
"2020/02/05","23319.56","23351.47","23414.69","23241.64"
"2020/02/06","23873.59","23641.10","23995.37","23625.13"
"2020/02/07","23827.98","23899.01","23943.45","23759.42"
"2020/02/10","23685.98","23631.79","23788.25","23621.72"
"2020/02/12","23861.21","23741.21","23869.73","23693.72"
"2020/02/13","23827.73","23849.76","23908.85","23784.31"
"2020/02/14","23687.59","23714.52","23738.42","23603.48"
"2020/02/17","23523.24","23489.78","23561.98","23335.99"
"2020/02/18","23193.80","23398.57","23402.01","23133.60"
"2020/02/19","23400.70","23329.33","23468.56","23234.96"
"2020/02/20","23479.15","23666.58","23806.56","23426.42"
"2020/02/21","23386.74","23427.77","23588.55","23378.33"
"2020/02/25","22605.41","22949.37","22950.23","22335.21"
"2020/02/26","22426.19","22374.14","22456.55","22127.42"
"2020/02/27","21948.23","22255.83","22272.26","21844.29"
"2020/02/28","21142.96","21518.01","21528.13","20916.40"
"2020/03/02","21344.08","20849.79","21593.11","20834.29"
"2020/03/03","21082.73","21651.99","21719.78","21082.73"
"2020/03/04","21100.06","20897.20","21245.93","20862.05"
"2020/03/05","21329.12","21399.87","21399.87","21220.76"
"2020/03/06","20749.75","21009.80","21061.20","20613.91"
"2020/03/09","19698.76","20343.31","20347.19","19472.26"
"2020/03/10","19867.12","19474.89","19970.35","18891.77"
"2020/03/11","19416.06","19758.26","19974.83","19392.25"
"2020/03/12","18559.63","19064.51","19142.18","18339.27"
"2020/03/13","17431.05","18183.47","18184.46","16690.60"
"2020/03/16","17002.04","17586.08","17785.76","16914.45"
"2020/03/17","17011.53","16726.95","17557.04","16378.94"
"2020/03/18","16726.55","17154.08","17396.84","16698.46"
"2020/03/19","16552.83","16995.77","17160.97","16358.19"
"2020/03/23","16887.78","16570.57","17049.03","16480.95"
"2020/03/24","18092.35","17206.88","18100.39","17197.14"
"2020/03/25","19546.63","18446.80","19564.38","18446.80"
"2020/03/26","18664.60","19234.77","19240.29","18512.81"
"2020/03/27","19389.43","19021.97","19389.43","18832.21"
"2020/03/30","19084.97","18884.07","19084.97","18578.20"
"2020/03/31","18917.01","19181.90","19336.19","18834.16"
"2020/04/01","18065.41","18686.12","18784.25","17871.62"
"2020/04/02","17818.72","17934.42","18132.04","17707.66"
"2020/04/03","17820.19","17951.44","18059.15","17646.50"
"2020/04/06","18576.30","17857.99","18672.26","17802.62"
"2020/04/07","18950.18","18878.86","19162.52","18553.14"
"2020/04/08","19353.24","19047.76","19454.34","18730.80"
"2020/04/09","19345.77","19376.00","19406.96","19158.55"
"2020/04/10","19498.50","19500.07","19500.07","19235.96"
"2020/04/13","19043.40","19312.04","19355.04","19014.32"
"2020/04/14","19638.81","19150.30","19705.99","19093.12"
"2020/04/15","19550.09","19589.25","19660.68","19465.95"
"2020/04/16","19290.20","19311.30","19362.17","19154.41"
"2020/04/17","19897.26","19575.85","19922.07","19554.70"
"2020/04/20","19669.12","19689.85","19784.38","19611.79"
"2020/04/21","19280.78","19479.83","19529.06","19193.22"
"2020/04/22","19137.95","19109.18","19137.95","18858.25"
"2020/04/23","19429.44","19313.04","19429.44","19221.54"
"2020/04/24","19262.00","19331.86","19352.24","19175.38"
"2020/04/27","19783.22","19410.84","19819.06","19410.18"
"2020/04/28","19771.19","19776.18","19841.78","19638.48"
"2020/04/30","20193.69","20105.68","20365.89","20084.83"
"2020/05/01","19619.35","19991.97","20000.25","19551.73"
"2020/05/07","19674.77","19468.52","19720.87","19448.93"
"2020/05/08","20179.09","19972.09","20179.09","19894.58"
"2020/05/11","20390.66","20333.73","20534.88","20285.04"
"2020/05/12","20366.48","20413.23","20457.37","20293.97"
"2020/05/13","20267.05","20140.92","20329.89","20056.46"
"2020/05/14","19914.78","20140.49","20185.00","19902.93"
"2020/05/15","20037.47","20149.79","20198.25","19832.88"
"2020/05/18","20133.73","20097.62","20197.59","19999.10"
"2020/05/19","20433.45","20469.52","20659.46","20433.45"
"2020/05/20","20595.15","20454.49","20684.46","20454.03"
"2020/05/21","20552.31","20692.59","20734.91","20503.87"
"2020/05/22","20388.16","20583.95","20615.12","20334.99"
"2020/05/25","20741.65","20653.41","20741.65","20584.06"
"2020/05/26","21271.17","20927.96","21328.34","20918.11"
"2020/05/27","21419.23","21249.31","21475.68","21142.72"
"2020/05/28","21916.31","21612.90","21926.29","21580.50"
"2020/05/29","21877.89","21807.63","21955.44","21710.80"
"2020/06/01","22062.39","21910.89","22161.39","21898.99"
"2020/06/02","22325.61","22175.52","22401.79","22118.40"
"2020/06/03","22613.76","22649.01","22818.87","22462.68"
"2020/06/04","22695.74","22885.14","22907.92","22501.81"
"2020/06/05","22863.73","22613.08","22865.88","22563.56"
"2020/06/08","23178.10","23121.98","23178.10","23028.62"
"2020/06/09","23091.03","23135.79","23185.85","22933.14"
"2020/06/10","23124.95","22939.00","23175.82","22900.30"
"2020/06/11","22472.91","22848.02","22939.39","22466.54"
"2020/06/12","22305.48","22082.12","22350.30","21786.93"
"2020/06/15","21530.95","22135.27","22251.83","21529.83"
"2020/06/16","22582.21","21912.29","22624.14","21899.48"
"2020/06/17","22455.76","22517.14","22536.38","22318.07"
"2020/06/18","22355.46","22363.88","22432.25","22125.35"
"2020/06/19","22478.79","22515.75","22523.66","22352.16"
"2020/06/22","22437.27","22353.69","22575.74","22311.94"
"2020/06/23","22549.05","22636.06","22693.89","22257.14"
"2020/06/24","22534.32","22541.01","22663.29","22479.86"
"2020/06/25","22259.79","22287.87","22423.41","22165.14"
"2020/06/26","22512.08","22424.37","22589.14","22408.27"
"2020/06/29","21995.04","22255.05","22281.38","21969.59"
"2020/06/30","22288.14","22335.10","22448.30","22273.38"
"2020/07/01","22121.73","22338.30","22360.31","22039.56"
"2020/07/02","22145.96","22182.68","22267.51","22072.11"
"2020/07/03","22306.48","22266.91","22312.44","22154.97"
"2020/07/06","22714.44","22341.27","22734.11","22325.75"
"2020/07/07","22614.69","22649.90","22742.28","22540.44"
"2020/07/08","22438.65","22481.61","22667.95","22438.65"
"2020/07/09","22529.29","22442.30","22679.08","22434.38"
"2020/07/10","22290.81","22534.97","22563.68","22285.07"
"2020/07/13","22784.74","22591.81","22784.74","22561.47"
"2020/07/14","22587.01","22631.87","22677.02","22538.78"
"2020/07/15","22945.50","22817.91","22965.56","22800.11"
"2020/07/16","22770.36","22907.96","22925.90","22739.42"
"2020/07/17","22696.42","22807.57","22857.82","22643.52"
"2020/07/20","22717.48","22772.07","22788.53","22580.19"
"2020/07/21","22884.22","22789.38","22925.58","22780.22"
"2020/07/22","22751.61","22791.75","22855.31","22732.92"
"2020/07/27","22715.85","22495.95","22741.13","22429.57"
"2020/07/28","22657.38","22735.02","22842.19","22646.22"
"2020/07/29","22397.11","22543.89","22584.87","22366.34"
"2020/07/30","22339.23","22489.24","22506.60","22334.71"
"2020/07/31","21710.00","22267.59","22295.05","21710.00"
"2020/08/03","22195.38","21947.58","22214.59","21919.83"
"2020/08/04","22573.66","22379.74","22603.82","22379.74"
"2020/08/05","22514.85","22479.72","22554.20","22356.25"
"2020/08/06","22418.15","22471.71","22587.75","22362.89"
"2020/08/07","22329.94","22433.78","22436.16","22204.61"
"2020/08/11","22750.24","22505.51","22760.87","22497.07"
"2020/08/12","22843.96","22747.44","22874.37","22670.74"
"2020/08/13","23249.61","23123.36","23316.69","23111.50"
"2020/08/14","23289.36","23323.92","23338.79","23222.85"
"2020/08/17","23096.75","23189.48","23248.75","23068.53"
"2020/08/18","23051.08","23097.80","23128.18","22948.89"
"2020/08/19","23110.61","22997.93","23149.85","22953.60"
"2020/08/20","22880.62","23003.58","23078.36","22851.83"
"2020/08/21","22920.30","23022.76","23135.43","22920.30"
"2020/08/24","22985.51","22913.20","23012.71","22862.54"
"2020/08/25","23296.77","23242.74","23431.04","23225.39"
"2020/08/26","23290.86","23257.05","23348.80","23203.00"
"2020/08/27","23208.86","23311.04","23323.07","23177.85"
"2020/08/28","22882.65","23232.30","23376.13","22594.79"
"2020/08/31","23139.76","23147.14","23342.32","23102.61"
"2020/09/01","23138.07","23089.63","23206.66","23047.77"
"2020/09/02","23247.15","23261.09","23287.40","23170.82"
"2020/09/03","23465.53","23524.49","23580.51","23426.11"
"2020/09/04","23205.43","23130.32","23257.69","23098.77"
"2020/09/07","23089.95","23145.47","23218.22","23086.89"
"2020/09/08","23274.13","23188.79","23277.66","23129.66"
"2020/09/09","23032.54","22966.89","23059.02","22878.71"
"2020/09/10","23235.47","23193.47","23250.31","23134.02"
"2020/09/11","23406.49","23114.63","23412.93","23114.63"
"2020/09/14","23559.30","23431.16","23582.21","23429.42"
"2020/09/15","23454.89","23438.83","23477.86","23351.35"
"2020/09/16","23475.53","23425.23","23506.45","23397.43"
"2020/09/17","23319.37","23416.62","23446.39","23272.23"
"2020/09/18","23360.30","23321.19","23398.46","23290.19"
"2020/09/23","23346.49","23245.89","23370.13","23154.45"
"2020/09/24","23087.82","23215.00","23234.72","23039.48"
"2020/09/25","23204.62","23217.33","23272.67","23154.66"
"2020/09/28","23511.62","23391.96","23516.04","23303.03"
"2020/09/29","23539.10","23410.50","23622.74","23347.64"
"2020/09/30","23185.12","23478.85","23522.38","23170.89"
"2020/10/01","23185.12","23185.12","23185.12","23185.12"
"2020/10/02","23029.90","23294.80","23365.58","22951.41"
"2020/10/05","23312.14","23254.28","23377.43","23252.69"
"2020/10/06","23433.73","23420.07","23441.16","23331.40"
"2020/10/07","23422.82","23272.45","23432.73","23272.45"
"2020/10/08","23647.07","23506.34","23701.77","23477.73"
"2020/10/09","23619.69","23713.86","23725.58","23552.73"
"2020/10/12","23558.69","23588.74","23597.91","23501.26"
"2020/10/13","23601.78","23667.90","23667.90","23490.95"
"2020/10/14","23626.73","23545.66","23656.70","23518.81"
"2020/10/15","23507.23","23548.45","23581.16","23458.43"
"2020/10/16","23410.63","23478.40","23538.74","23382.67"
"2020/10/19","23671.13","23543.69","23707.16","23543.69"
"2020/10/20","23567.04","23587.87","23674.87","23518.29"
"2020/10/21","23639.46","23615.52","23702.30","23611.33"
"2020/10/22","23474.27","23525.59","23555.78","23436.17"
"2020/10/23","23516.59","23558.71","23587.90","23469.13"
"2020/10/26","23494.34","23520.78","23572.60","23475.52"
"2020/10/27","23485.80","23376.96","23485.80","23232.31"
"2020/10/28","23418.51","23372.61","23451.03","23334.23"
"2020/10/29","23331.94","23170.76","23374.10","23170.76"
"2020/10/30","22977.13","23320.71","23320.71","22948.47"
"2020/11/02","23295.48","23110.74","23370.91","23096.79"
"2020/11/04","23695.23","23619.58","23801.88","23505.78"
"2020/11/05","24105.28","23776.20","24112.42","23756.78"
"2020/11/06","24325.23","24076.22","24389.00","24039.16"
"2020/11/09","24839.84","24568.84","24962.80","24541.28"
"2020/11/10","24905.59","25087.30","25279.94","24833.18"
"2020/11/11","25349.60","25145.66","25401.30","25145.66"
"2020/11/12","25520.88","25439.35","25587.96","25316.60"
"2020/11/13","25385.87","25405.64","25456.18","25215.31"
"2020/11/16","25906.93","25652.69","25928.18","25640.29"
"2020/11/17","26014.62","26043.45","26057.30","25851.54"
"2020/11/18","25728.14","25860.55","25882.14","25656.70"
"2020/11/19","25634.34","25628.73","25650.86","25474.94"
"2020/11/20","25527.37","25486.83","25555.37","25425.59"
"2020/11/24","26165.59","25901.45","26261.78","25901.45"
"2020/11/25","26296.86","26468.52","26706.42","26258.35"
"2020/11/26","26537.31","26255.47","26560.03","26255.47"
"2020/11/27","26644.71","26530.28","26672.40","26419.05"
"2020/11/30","26433.62","26830.10","26834.20","26405.83"
"2020/12/01","26787.54","26624.20","26852.16","26618.39"
"2020/12/02","26800.98","26884.99","26889.90","26695.28"
"2020/12/03","26809.37","26740.30","26868.09","26719.23"
"2020/12/04","26751.24","26697.26","26799.83","26646.08"
"2020/12/07","26547.44","26894.25","26894.25","26500.32"
"2020/12/08","26467.08","26380.32","26523.30","26327.08"
"2020/12/09","26817.94","26526.34","26826.78","26520.60"
"2020/12/10","26756.24","26688.50","26852.77","26639.98"
"2020/12/11","26652.52","26732.85","26819.41","26553.01"
"2020/12/14","26732.44","26659.53","26870.47","26648.69"
"2020/12/15","26687.84","26683.11","26736.84","26605.54"
"2020/12/16","26757.40","26835.59","26874.98","26717.03"
"2020/12/17","26806.67","26744.50","26843.05","26676.28"
"2020/12/18","26763.39","26775.53","26824.29","26707.30"
"2020/12/21","26714.42","26834.10","26905.67","26533.63"
"2020/12/22","26436.39","26559.33","26639.99","26361.66"
"2020/12/23","26524.79","26580.43","26585.21","26414.74"
"2020/12/24","26668.35","26635.11","26764.53","26605.26"
"2020/12/25","26656.61","26708.10","26716.61","26638.28"
"2020/12/28","26854.03","26691.29","26854.03","26664.60"
"2020/12/29","27568.15","26936.38","27602.52","26921.14"
"本資料は日経の著作物であり、本資料の全部又は一部を、いかなる形式によっても日経に無断で複写、複製、転載または流布することができません。"
